{"cameraMode":{"drawMode":0,"name":"Shaded","section":"Shading Mode"},"sceneLighting":false,"audioPlay":false,"sceneViewState":{"showFog":true,"showMaterialUpdate":false,"showSkybox":true,"showFlares":true,"showImageEffects":true,"showParticleSystems":true},"in2DMode":false,"pivot":{"x":9.997947692871094,"y":0.8000000715255737,"z":0.2768057584762573},"rotation":{"x":-0.04090181738138199,"y":0.522508978843689,"z":-0.02510514110326767,"w":-0.8512820601463318},"size":8.354966163635254,"orthographic":false}