{"cameraMode":{"drawMode":0,"name":"Shaded","section":"Shading Mode"},"sceneLighting":false,"audioPlay":false,"sceneViewState":{"showFog":true,"showMaterialUpdate":false,"showSkybox":true,"showFlares":true,"showImageEffects":true,"showParticleSystems":true},"in2DMode":false,"pivot":{"x":-1.5654211044311524,"y":0.718071699142456,"z":9.352818489074707},"rotation":{"x":-0.04090181738138199,"y":0.522508978843689,"z":-0.02510514110326767,"w":-0.8512820601463318},"size":4.733860969543457,"orthographic":false}