{"cameraMode":{"drawMode":0,"name":"Shaded","section":"Shading Mode"},"sceneLighting":false,"audioPlay":false,"sceneViewState":{"showFog":true,"showMaterialUpdate":false,"showSkybox":true,"showFlares":true,"showImageEffects":true,"showParticleSystems":true},"in2DMode":false,"pivot":{"x":-0.48613280057907107,"y":0.7512785196304321,"z":4.361154556274414},"rotation":{"x":-0.04090181738138199,"y":0.522508978843689,"z":-0.02510514110326767,"w":-0.8512820601463318},"size":4.952691078186035,"orthographic":false}